https://www.facebook.com/Ansamblul-de-dansuri-populare-Struguras-997911176897662/,"Ansamblul de dansuri populare ""Struguras"" - Почетна страница | Фејсбук",1
https://www.facebook.com/Ansamblul-de-dansuri-populare-Struguras-997911176897662/,"Ansamblul de dansuri populare ""Struguras"" - Почетна страница | Фејсбук",2
https://www.facebook.com/Ansamblul-de-dansuri-populare-Struguras-997911176897662/,"Ansamblul de dansuri populare ""Struguras"" - Почетна страница | Фејсбук",3
https://www.facebook.com/Ansamblul-de-dansuri-populare-Struguras-997911176897662/,"Ansamblul de dansuri populare ""Struguras"" - Почетна страница | Фејсбук",1
https://sr-rs.facebook.com/pages/category/Band/196094221135212/,"Ansamblul de dansuri populare Speranta, s. Glinjeni - Почетна страница | Фејсбук",2
https://www.youtube.com/watch?v=hfTg4TxVL6I,"Ansamblul Folcloric ""Doinita "" - YouTube",3
https://www.youtube.com/watch?v=X4B6ryfn-Mo,"Ansamblul Folcloric ""Doinita"", Balti, Martisor 2016 - YouTube",4
https://www.youtube.com/watch?v=d_O0b0L-CeQ,Ansamblul Folcloric Vantulet din Balti Moldova 1 - YouTube,5
https://www.youtube.com/watch?v=w7lj-6HswV8,Ansamblul Folcloric Vantulet din Balti Moldova_2.mp4 - YouTube,6
https://www.youtube.com/watch?v=KyEg86FnZME,"Ansamblul folcloric ""Doinita"" la 25ani - YouTube",7
http://www.bri.gov.md/index.php?pag=noutati&opa=view&id=241&start=340&l=%3Cbr,Biroul Relaţii Interetnice,8
http://old.mc.gov.md/ro/content/spectacol-folcloric-colective-din-teritoriu,Spectacol folcloric colective din teritoriu | Ministerul Culturii,9
https://infoprut.ro/44941-artisti-din-republica-moldova-si-serbia-participanti-la-festivalul-national-al-traditiilor-populare-din-sibiu.html,"Artiști din Republica Moldova și Serbia, participanți la Festivalul Naţional al Tradiţiilor Populare din Sibiu",10
https://www.timpul.md/tag-41030-Ansamblul+folcloric+de+copii+%E2%80%9EB%C4%83%C8%99tina%C8%99ii%E2%80%9D, Ansamblul folcloric de copii „Băștinașii” ,11
https://www.jurnal.md/ro/news/d30c7bfaabc88a8d/adio-lica-cine-a-fost-cel-de-al-patrulea-angajat-medical-care-a-pierdut-viata-in-lupta-cu-covid-19.html,"„Adio, Lica”; Cine a fost cel de-al patrulea angajat medical care a pierdut viața în lupta cu Covid-19 | Jurnal.md",12
https://observatorul.md/cultura/2019/01/14/54836_la-anul-si-la-multi-ani-va-felicita-ansamblul-folcloric-cu-titlul-model-colinda-de-la-palatul-culturii-soroca,La anul și la mulți ani! Vă felicită Ansamblul folcloric cu titlul model ”Colinda” de la Palatul Culturii Soroca! - Observatorul de Nord,13
https://www.youtube.com/watch?v=1o_F8mMp9Zc,Ansamblul folcloric „Doiniţa” (01.2017) - YouTube,14
https://azchart.info/what/s96ni9DTZa6bfs8-ansamblul-folcloric-doina-baraganului-dans-Ialomiteanul,"Ansamblul folcloric ""Doina Baraganului"" - Dans Ialomiteanul",15
http://polskawiosna.md/files/17_lat_razem.pdf,,16,ERROR:'NoneType' object has no attribute 'text'
https://www.infobraila.ro/2010/07/ansamblul-folcloric-%E2%80%9Cvulturasul%E2%80%9D-prezent-la-festivalul-international-%E2%80%9Ccerbul-de-aur-junior%E2%80%9D/comment-page-1/,,17,ERROR:<urlopen error _ssl.c:1091: The handshake operation timed out>
https://ljubljana.mae.ro/local-news/879,Ansamblul „Opincuța” din Chișinău în vizită la Ambasada României | AMBASADA ROMÂNIEI  în Republica Slovenia,18
http://bk.lamaisonprato.it/complexul-rai-braila.html,,19,ERROR:'NoneType' object has no attribute 'text'
https://newsmaker.md/ro/important-mai-sunt-doar-7zile-pana-la-scumpirea-preturilor-la-oasis/,Important: Mai sunt doar 7 zile până la scumpirea prețurilor la OASIS - NewsMaker,20
https://hipnplay.com/en/download/ansamblul-folcloric-busuioc-LS1YaGtOU2N0NE9iaw,"Ansamblul folcloric ,,Busuioc'' MP3 Free Download",21
https://hipnplay.com/en/download/ansamblul-folcloric-legenda-s-mereni-cond-a-mamot-LS1iaFAwdmRWNW5YMA,Ansamblul folcloric Legenda s. Mereni cond .A. Mamot MP3 Free Download,22
https://www.facebook.com/Ansamblul-de-dansuri-populare-Struguras-997911176897662/,"Ansamblul de dansuri populare ""Struguras"" - Почетна страница | Фејсбук",23
https://sr-rs.facebook.com/pages/category/Band/196094221135212/,"Ansamblul de dansuri populare Speranta, s. Glinjeni - Почетна страница | Фејсбук",24
https://www.youtube.com/watch?v=hfTg4TxVL6I,"Ansamblul Folcloric ""Doinita "" - YouTube",25
https://www.youtube.com/watch?v=X4B6ryfn-Mo,"Ansamblul Folcloric ""Doinita"", Balti, Martisor 2016 - YouTube",26
https://www.youtube.com/watch?v=d_O0b0L-CeQ,Ansamblul Folcloric Vantulet din Balti Moldova 1 - YouTube,27
https://www.youtube.com/watch?v=w7lj-6HswV8,Ansamblul Folcloric Vantulet din Balti Moldova_2.mp4 - YouTube,28
https://www.youtube.com/watch?v=KyEg86FnZME,YouTube,29
http://www.bri.gov.md/index.php?pag=noutati&opa=view&id=241&start=340&l=%3Cbr,Biroul Relaţii Interetnice,30
http://old.mc.gov.md/ro/content/spectacol-folcloric-colective-din-teritoriu,Spectacol folcloric colective din teritoriu | Ministerul Culturii,31
https://infoprut.ro/44941-artisti-din-republica-moldova-si-serbia-participanti-la-festivalul-national-al-traditiilor-populare-din-sibiu.html,"Artiști din Republica Moldova și Serbia, participanți la Festivalul Naţional al Tradiţiilor Populare din Sibiu",32
https://www.timpul.md/tag-41030-Ansamblul+folcloric+de+copii+%E2%80%9EB%C4%83%C8%99tina%C8%99ii%E2%80%9D, Ansamblul folcloric de copii „Băștinașii” ,33
https://www.jurnal.md/ro/news/d30c7bfaabc88a8d/adio-lica-cine-a-fost-cel-de-al-patrulea-angajat-medical-care-a-pierdut-viata-in-lupta-cu-covid-19.html,"„Adio, Lica”; Cine a fost cel de-al patrulea angajat medical care a pierdut viața în lupta cu Covid-19 | Jurnal.md",34
https://observatorul.md/cultura/2019/01/14/54836_la-anul-si-la-multi-ani-va-felicita-ansamblul-folcloric-cu-titlul-model-colinda-de-la-palatul-culturii-soroca,La anul și la mulți ani! Vă felicită Ansamblul folcloric cu titlul model ”Colinda” de la Palatul Culturii Soroca! - Observatorul de Nord,35
https://www.youtube.com/watch?v=1o_F8mMp9Zc,Ansamblul folcloric „Doiniţa” (01.2017) - YouTube,36
https://azchart.info/what/s96ni9DTZa6bfs8-ansamblul-folcloric-doina-baraganului-dans-Ialomiteanul,"Ansamblul folcloric ""Doina Baraganului"" - Dans Ialomiteanul",37
http://polskawiosna.md/files/17_lat_razem.pdf,,38,ERROR:'NoneType' object has no attribute 'text'
https://www.infobraila.ro/2010/07/ansamblul-folcloric-%E2%80%9Cvulturasul%E2%80%9D-prezent-la-festivalul-international-%E2%80%9Ccerbul-de-aur-junior%E2%80%9D/comment-page-1/,,39,ERROR:<urlopen error _ssl.c:1091: The handshake operation timed out>
https://ljubljana.mae.ro/local-news/879,Ansamblul „Opincuța” din Chișinău în vizită la Ambasada României | AMBASADA ROMÂNIEI  în Republica Slovenia,40
http://bk.lamaisonprato.it/complexul-rai-braila.html,,41,ERROR:'NoneType' object has no attribute 'text'
https://newsmaker.md/ro/important-mai-sunt-doar-7zile-pana-la-scumpirea-preturilor-la-oasis/,Important: Mai sunt doar 7 zile până la scumpirea prețurilor la OASIS - NewsMaker,42
https://hipnplay.com/en/download/ansamblul-folcloric-busuioc-LS1YaGtOU2N0NE9iaw,"Ansamblul folcloric ,,Busuioc'' MP3 Free Download",43
https://hipnplay.com/en/download/ansamblul-folcloric-legenda-s-mereni-cond-a-mamot-LS1iaFAwdmRWNW5YMA,Ansamblul folcloric Legenda s. Mereni cond .A. Mamot MP3 Free Download,44
https://www.facebook.com/Ansamblul-de-dansuri-populare-Struguras-997911176897662/,"Ansamblul de dansuri populare ""Struguras"" - Почетна страница | Фејсбук",45
https://sr-rs.facebook.com/pages/category/Band/196094221135212/,"Ansamblul de dansuri populare Speranta, s. Glinjeni - Почетна страница | Фејсбук",46
https://www.youtube.com/watch?v=hfTg4TxVL6I,"Ansamblul Folcloric ""Doinita "" - YouTube",47
https://www.youtube.com/watch?v=X4B6ryfn-Mo,"Ansamblul Folcloric ""Doinita"", Balti, Martisor 2016 - YouTube",48
https://www.youtube.com/watch?v=d_O0b0L-CeQ,Ansamblul Folcloric Vantulet din Balti Moldova 1 - YouTube,49
https://www.youtube.com/watch?v=w7lj-6HswV8,Ansamblul Folcloric Vantulet din Balti Moldova_2.mp4 - YouTube,50
https://www.youtube.com/watch?v=KyEg86FnZME,"Ansamblul folcloric ""Doinita"" la 25ani - YouTube",51
http://www.bri.gov.md/index.php?pag=noutati&opa=view&id=241&start=340&l=%3Cbr,Biroul Relaţii Interetnice,52
http://old.mc.gov.md/ro/content/spectacol-folcloric-colective-din-teritoriu,Spectacol folcloric colective din teritoriu | Ministerul Culturii,53
https://infoprut.ro/44941-artisti-din-republica-moldova-si-serbia-participanti-la-festivalul-national-al-traditiilor-populare-din-sibiu.html,"Artiști din Republica Moldova și Serbia, participanți la Festivalul Naţional al Tradiţiilor Populare din Sibiu",54
https://www.timpul.md/tag-41030-Ansamblul+folcloric+de+copii+%E2%80%9EB%C4%83%C8%99tina%C8%99ii%E2%80%9D, Ansamblul folcloric de copii „Băștinașii” ,55
https://www.jurnal.md/ro/news/d30c7bfaabc88a8d/adio-lica-cine-a-fost-cel-de-al-patrulea-angajat-medical-care-a-pierdut-viata-in-lupta-cu-covid-19.html,"„Adio, Lica”; Cine a fost cel de-al patrulea angajat medical care a pierdut viața în lupta cu Covid-19 | Jurnal.md",56
https://observatorul.md/cultura/2019/01/14/54836_la-anul-si-la-multi-ani-va-felicita-ansamblul-folcloric-cu-titlul-model-colinda-de-la-palatul-culturii-soroca,La anul și la mulți ani! Vă felicită Ansamblul folcloric cu titlul model ”Colinda” de la Palatul Culturii Soroca! - Observatorul de Nord,57
https://www.youtube.com/watch?v=1o_F8mMp9Zc,Ansamblul folcloric „Doiniţa” (01.2017) - YouTube,58
https://azchart.info/what/s96ni9DTZa6bfs8-ansamblul-folcloric-doina-baraganului-dans-Ialomiteanul,"Ansamblul folcloric ""Doina Baraganului"" - Dans Ialomiteanul",59
http://polskawiosna.md/files/17_lat_razem.pdf,,60,ERROR:'NoneType' object has no attribute 'text'
https://www.infobraila.ro/2010/07/ansamblul-folcloric-%E2%80%9Cvulturasul%E2%80%9D-prezent-la-festivalul-international-%E2%80%9Ccerbul-de-aur-junior%E2%80%9D/comment-page-1/,,61,ERROR:<urlopen error _ssl.c:1091: The handshake operation timed out>
https://ljubljana.mae.ro/local-news/879,Ansamblul „Opincuța” din Chișinău în vizită la Ambasada României | AMBASADA ROMÂNIEI  în Republica Slovenia,62
http://bk.lamaisonprato.it/complexul-rai-braila.html,,63,ERROR:'NoneType' object has no attribute 'text'
https://newsmaker.md/ro/important-mai-sunt-doar-7zile-pana-la-scumpirea-preturilor-la-oasis/,Important: Mai sunt doar 7 zile până la scumpirea prețurilor la OASIS - NewsMaker,64
https://hipnplay.com/en/download/ansamblul-folcloric-busuioc-LS1YaGtOU2N0NE9iaw,"Ansamblul folcloric ,,Busuioc'' MP3 Free Download",65
https://hipnplay.com/en/download/ansamblul-folcloric-legenda-s-mereni-cond-a-mamot-LS1iaFAwdmRWNW5YMA,Ansamblul folcloric Legenda s. Mereni cond .A. Mamot MP3 Free Download,66
https://www.facebook.com/Ansamblul-de-dansuri-populare-Struguras-997911176897662/,"Ansamblul de dansuri populare ""Struguras"" - Почетна страница | Фејсбук",67
https://sr-rs.facebook.com/pages/category/Band/196094221135212/,"Ansamblul de dansuri populare Speranta, s. Glinjeni - Почетна страница | Фејсбук",68
https://www.youtube.com/watch?v=hfTg4TxVL6I,"Ansamblul Folcloric ""Doinita "" - YouTube",69
https://www.youtube.com/watch?v=X4B6ryfn-Mo,"Ansamblul Folcloric ""Doinita"", Balti, Martisor 2016 - YouTube",70
https://www.youtube.com/watch?v=d_O0b0L-CeQ,Ansamblul Folcloric Vantulet din Balti Moldova 1 - YouTube,71
https://www.youtube.com/watch?v=w7lj-6HswV8,YouTube,72
https://www.youtube.com/watch?v=KyEg86FnZME,"Ansamblul folcloric ""Doinita"" la 25ani - YouTube",73
http://www.bri.gov.md/index.php?pag=noutati&opa=view&id=241&start=340&l=%3Cbr,Biroul Relaţii Interetnice,74
http://old.mc.gov.md/ro/content/spectacol-folcloric-colective-din-teritoriu,Spectacol folcloric colective din teritoriu | Ministerul Culturii,75
https://infoprut.ro/44941-artisti-din-republica-moldova-si-serbia-participanti-la-festivalul-national-al-traditiilor-populare-din-sibiu.html,"Artiști din Republica Moldova și Serbia, participanți la Festivalul Naţional al Tradiţiilor Populare din Sibiu",76
https://www.timpul.md/tag-41030-Ansamblul+folcloric+de+copii+%E2%80%9EB%C4%83%C8%99tina%C8%99ii%E2%80%9D, Ansamblul folcloric de copii „Băștinașii” ,77
https://www.jurnal.md/ro/news/d30c7bfaabc88a8d/adio-lica-cine-a-fost-cel-de-al-patrulea-angajat-medical-care-a-pierdut-viata-in-lupta-cu-covid-19.html,"„Adio, Lica”; Cine a fost cel de-al patrulea angajat medical care a pierdut viața în lupta cu Covid-19 | Jurnal.md",78
https://observatorul.md/cultura/2019/01/14/54836_la-anul-si-la-multi-ani-va-felicita-ansamblul-folcloric-cu-titlul-model-colinda-de-la-palatul-culturii-soroca,La anul și la mulți ani! Vă felicită Ansamblul folcloric cu titlul model ”Colinda” de la Palatul Culturii Soroca! - Observatorul de Nord,79
https://www.youtube.com/watch?v=1o_F8mMp9Zc,Ansamblul folcloric „Doiniţa” (01.2017) - YouTube,80
https://azchart.info/what/s96ni9DTZa6bfs8-ansamblul-folcloric-doina-baraganului-dans-Ialomiteanul,"Ansamblul folcloric ""Doina Baraganului"" - Dans Ialomiteanul",81
http://polskawiosna.md/files/17_lat_razem.pdf,,82,ERROR:'NoneType' object has no attribute 'text'
https://www.infobraila.ro/2010/07/ansamblul-folcloric-%E2%80%9Cvulturasul%E2%80%9D-prezent-la-festivalul-international-%E2%80%9Ccerbul-de-aur-junior%E2%80%9D/comment-page-1/,,83,ERROR:<urlopen error _ssl.c:1091: The handshake operation timed out>
https://ljubljana.mae.ro/local-news/879,Ansamblul „Opincuța” din Chișinău în vizită la Ambasada României | AMBASADA ROMÂNIEI  în Republica Slovenia,84
http://bk.lamaisonprato.it/complexul-rai-braila.html,Loading...,85
https://newsmaker.md/ro/important-mai-sunt-doar-7zile-pana-la-scumpirea-preturilor-la-oasis/,Important: Mai sunt doar 7 zile până la scumpirea prețurilor la OASIS - NewsMaker,86
https://hipnplay.com/en/download/ansamblul-folcloric-busuioc-LS1YaGtOU2N0NE9iaw,"Ansamblul folcloric ,,Busuioc'' MP3 Free Download",87
https://hipnplay.com/en/download/ansamblul-folcloric-legenda-s-mereni-cond-a-mamot-LS1iaFAwdmRWNW5YMA,Ansamblul folcloric Legenda s. Mereni cond .A. Mamot MP3 Free Download,88
https://www.facebook.com/Ansamblul-de-dansuri-populare-Struguras-997911176897662/,"Ansamblul de dansuri populare ""Struguras"" - Почетна страница | Фејсбук",89
https://sr-rs.facebook.com/pages/category/Band/196094221135212/,"Ansamblul de dansuri populare Speranta, s. Glinjeni - Почетна страница | Фејсбук",90
https://www.youtube.com/watch?v=hfTg4TxVL6I,"Ansamblul Folcloric ""Doinita "" - YouTube",91
https://www.youtube.com/watch?v=X4B6ryfn-Mo,"Ansamblul Folcloric ""Doinita"", Balti, Martisor 2016 - YouTube",92
https://www.youtube.com/watch?v=d_O0b0L-CeQ,Ansamblul Folcloric Vantulet din Balti Moldova 1 - YouTube,93
https://www.youtube.com/watch?v=w7lj-6HswV8,Ansamblul Folcloric Vantulet din Balti Moldova_2.mp4 - YouTube,94
https://www.youtube.com/watch?v=KyEg86FnZME,"Ansamblul folcloric ""Doinita"" la 25ani - YouTube",95
http://www.bri.gov.md/index.php?pag=noutati&opa=view&id=241&start=340&l=%3Cbr,Biroul Relaţii Interetnice,96
http://old.mc.gov.md/ro/content/spectacol-folcloric-colective-din-teritoriu,Spectacol folcloric colective din teritoriu | Ministerul Culturii,97
https://infoprut.ro/44941-artisti-din-republica-moldova-si-serbia-participanti-la-festivalul-national-al-traditiilor-populare-din-sibiu.html,"Artiști din Republica Moldova și Serbia, participanți la Festivalul Naţional al Tradiţiilor Populare din Sibiu",98
https://www.timpul.md/tag-41030-Ansamblul+folcloric+de+copii+%E2%80%9EB%C4%83%C8%99tina%C8%99ii%E2%80%9D, Ansamblul folcloric de copii „Băștinașii” ,99
https://www.jurnal.md/ro/news/d30c7bfaabc88a8d/adio-lica-cine-a-fost-cel-de-al-patrulea-angajat-medical-care-a-pierdut-viata-in-lupta-cu-covid-19.html,"„Adio, Lica”; Cine a fost cel de-al patrulea angajat medical care a pierdut viața în lupta cu Covid-19 | Jurnal.md",100
https://observatorul.md/cultura/2019/01/14/54836_la-anul-si-la-multi-ani-va-felicita-ansamblul-folcloric-cu-titlul-model-colinda-de-la-palatul-culturii-soroca,La anul și la mulți ani! Vă felicită Ansamblul folcloric cu titlul model ”Colinda” de la Palatul Culturii Soroca! - Observatorul de Nord,101
https://www.youtube.com/watch?v=1o_F8mMp9Zc,Ansamblul folcloric „Doiniţa” (01.2017) - YouTube,102
https://azchart.info/what/s96ni9DTZa6bfs8-ansamblul-folcloric-doina-baraganului-dans-Ialomiteanul,"Ansamblul folcloric ""Doina Baraganului"" - Dans Ialomiteanul",103
http://polskawiosna.md/files/17_lat_razem.pdf,,104,ERROR:'NoneType' object has no attribute 'text'
https://www.infobraila.ro/2010/07/ansamblul-folcloric-%E2%80%9Cvulturasul%E2%80%9D-prezent-la-festivalul-international-%E2%80%9Ccerbul-de-aur-junior%E2%80%9D/comment-page-1/,,105,ERROR:<urlopen error _ssl.c:1091: The handshake operation timed out>
https://ljubljana.mae.ro/local-news/879,Ansamblul „Opincuța” din Chișinău în vizită la Ambasada României | AMBASADA ROMÂNIEI  în Republica Slovenia,106
http://bk.lamaisonprato.it/complexul-rai-braila.html,,107,ERROR:'NoneType' object has no attribute 'text'
https://newsmaker.md/ro/important-mai-sunt-doar-7zile-pana-la-scumpirea-preturilor-la-oasis/,Important: Mai sunt doar 7 zile până la scumpirea prețurilor la OASIS - NewsMaker,108
https://hipnplay.com/en/download/ansamblul-folcloric-busuioc-LS1YaGtOU2N0NE9iaw,"Ansamblul folcloric ,,Busuioc'' MP3 Free Download",109
https://hipnplay.com/en/download/ansamblul-folcloric-legenda-s-mereni-cond-a-mamot-LS1iaFAwdmRWNW5YMA,Ansamblul folcloric Legenda s. Mereni cond .A. Mamot MP3 Free Download,110
https://www.facebook.com/Ansamblul-de-dansuri-populare-Struguras-997911176897662/,"Ansamblul de dansuri populare ""Struguras"" - Почетна страница | Фејсбук",111
https://sr-rs.facebook.com/pages/category/Band/196094221135212/,"Ansamblul de dansuri populare Speranta, s. Glinjeni - Почетна страница | Фејсбук",112
https://www.youtube.com/watch?v=hfTg4TxVL6I,"Ansamblul Folcloric ""Doinita "" - YouTube",113
https://www.youtube.com/watch?v=X4B6ryfn-Mo,"Ansamblul Folcloric ""Doinita"", Balti, Martisor 2016 - YouTube",114
https://www.youtube.com/watch?v=d_O0b0L-CeQ,Ansamblul Folcloric Vantulet din Balti Moldova 1 - YouTube,115
https://www.youtube.com/watch?v=w7lj-6HswV8,Ansamblul Folcloric Vantulet din Balti Moldova_2.mp4 - YouTube,116
https://www.youtube.com/watch?v=KyEg86FnZME,YouTube,117
http://www.bri.gov.md/index.php?pag=noutati&opa=view&id=241&start=340&l=%3Cbr,Biroul Relaţii Interetnice,118
http://old.mc.gov.md/ro/content/spectacol-folcloric-colective-din-teritoriu,Spectacol folcloric colective din teritoriu | Ministerul Culturii,119
https://infoprut.ro/44941-artisti-din-republica-moldova-si-serbia-participanti-la-festivalul-national-al-traditiilor-populare-din-sibiu.html,"Artiști din Republica Moldova și Serbia, participanți la Festivalul Naţional al Tradiţiilor Populare din Sibiu",120
https://www.timpul.md/tag-41030-Ansamblul+folcloric+de+copii+%E2%80%9EB%C4%83%C8%99tina%C8%99ii%E2%80%9D, Ansamblul folcloric de copii „Băștinașii” ,121
https://www.jurnal.md/ro/news/d30c7bfaabc88a8d/adio-lica-cine-a-fost-cel-de-al-patrulea-angajat-medical-care-a-pierdut-viata-in-lupta-cu-covid-19.html,"„Adio, Lica”; Cine a fost cel de-al patrulea angajat medical care a pierdut viața în lupta cu Covid-19 | Jurnal.md",122
https://observatorul.md/cultura/2019/01/14/54836_la-anul-si-la-multi-ani-va-felicita-ansamblul-folcloric-cu-titlul-model-colinda-de-la-palatul-culturii-soroca,La anul și la mulți ani! Vă felicită Ansamblul folcloric cu titlul model ”Colinda” de la Palatul Culturii Soroca! - Observatorul de Nord,123
https://www.youtube.com/watch?v=1o_F8mMp9Zc,Ansamblul folcloric „Doiniţa” (01.2017) - YouTube,124
https://azchart.info/what/s96ni9DTZa6bfs8-ansamblul-folcloric-doina-baraganului-dans-Ialomiteanul,"Ansamblul folcloric ""Doina Baraganului"" - Dans Ialomiteanul",125
http://polskawiosna.md/files/17_lat_razem.pdf,,126,ERROR:'NoneType' object has no attribute 'text'
https://www.infobraila.ro/2010/07/ansamblul-folcloric-%E2%80%9Cvulturasul%E2%80%9D-prezent-la-festivalul-international-%E2%80%9Ccerbul-de-aur-junior%E2%80%9D/comment-page-1/,,127,ERROR:<urlopen error _ssl.c:1091: The handshake operation timed out>
https://ljubljana.mae.ro/local-news/879,Ansamblul „Opincuța” din Chișinău în vizită la Ambasada României | AMBASADA ROMÂNIEI  în Republica Slovenia,128
http://bk.lamaisonprato.it/complexul-rai-braila.html,,129,ERROR:'NoneType' object has no attribute 'text'
https://newsmaker.md/ro/important-mai-sunt-doar-7zile-pana-la-scumpirea-preturilor-la-oasis/,Important: Mai sunt doar 7 zile până la scumpirea prețurilor la OASIS - NewsMaker,130
https://hipnplay.com/en/download/ansamblul-folcloric-busuioc-LS1YaGtOU2N0NE9iaw,"Ansamblul folcloric ,,Busuioc'' MP3 Free Download",131
https://hipnplay.com/en/download/ansamblul-folcloric-legenda-s-mereni-cond-a-mamot-LS1iaFAwdmRWNW5YMA,Ansamblul folcloric Legenda s. Mereni cond .A. Mamot MP3 Free Download,132
https://www.facebook.com/Ansamblul-de-dansuri-populare-Struguras-997911176897662/,"Ansamblul de dansuri populare ""Struguras"" - Почетна страница | Фејсбук",133
https://sr-rs.facebook.com/pages/category/Band/196094221135212/,"Ansamblul de dansuri populare Speranta, s. Glinjeni - Почетна страница | Фејсбук",134
https://www.youtube.com/watch?v=hfTg4TxVL6I,"Ansamblul Folcloric ""Doinita "" - YouTube",135
https://www.youtube.com/watch?v=X4B6ryfn-Mo,"Ansamblul Folcloric ""Doinita"", Balti, Martisor 2016 - YouTube",136
https://www.youtube.com/watch?v=d_O0b0L-CeQ,Ansamblul Folcloric Vantulet din Balti Moldova 1 - YouTube,137
https://www.youtube.com/watch?v=w7lj-6HswV8,Ansamblul Folcloric Vantulet din Balti Moldova_2.mp4 - YouTube,138
https://www.youtube.com/watch?v=KyEg86FnZME,"Ansamblul folcloric ""Doinita"" la 25ani - YouTube",139
http://www.bri.gov.md/index.php?pag=noutati&opa=view&id=241&start=340&l=%3Cbr,Biroul Relaţii Interetnice,140
http://old.mc.gov.md/ro/content/spectacol-folcloric-colective-din-teritoriu,Spectacol folcloric colective din teritoriu | Ministerul Culturii,141
https://infoprut.ro/44941-artisti-din-republica-moldova-si-serbia-participanti-la-festivalul-national-al-traditiilor-populare-din-sibiu.html,"Artiști din Republica Moldova și Serbia, participanți la Festivalul Naţional al Tradiţiilor Populare din Sibiu",142
https://www.timpul.md/tag-41030-Ansamblul+folcloric+de+copii+%E2%80%9EB%C4%83%C8%99tina%C8%99ii%E2%80%9D, Ansamblul folcloric de copii „Băștinașii” ,143
https://www.jurnal.md/ro/news/d30c7bfaabc88a8d/adio-lica-cine-a-fost-cel-de-al-patrulea-angajat-medical-care-a-pierdut-viata-in-lupta-cu-covid-19.html,"„Adio, Lica”; Cine a fost cel de-al patrulea angajat medical care a pierdut viața în lupta cu Covid-19 | Jurnal.md",144
https://observatorul.md/cultura/2019/01/14/54836_la-anul-si-la-multi-ani-va-felicita-ansamblul-folcloric-cu-titlul-model-colinda-de-la-palatul-culturii-soroca,La anul și la mulți ani! Vă felicită Ansamblul folcloric cu titlul model ”Colinda” de la Palatul Culturii Soroca! - Observatorul de Nord,145
https://www.youtube.com/watch?v=1o_F8mMp9Zc,Ansamblul folcloric „Doiniţa” (01.2017) - YouTube,146
https://azchart.info/what/s96ni9DTZa6bfs8-ansamblul-folcloric-doina-baraganului-dans-Ialomiteanul,"Ansamblul folcloric ""Doina Baraganului"" - Dans Ialomiteanul",147
http://polskawiosna.md/files/17_lat_razem.pdf,,148,ERROR:'NoneType' object has no attribute 'text'
https://www.infobraila.ro/2010/07/ansamblul-folcloric-%E2%80%9Cvulturasul%E2%80%9D-prezent-la-festivalul-international-%E2%80%9Ccerbul-de-aur-junior%E2%80%9D/comment-page-1/,,149,ERROR:<urlopen error _ssl.c:1091: The handshake operation timed out>
https://ljubljana.mae.ro/local-news/879,Ansamblul „Opincuța” din Chișinău în vizită la Ambasada României | AMBASADA ROMÂNIEI  în Republica Slovenia,150
http://bk.lamaisonprato.it/complexul-rai-braila.html,,151,ERROR:'NoneType' object has no attribute 'text'
https://newsmaker.md/ro/important-mai-sunt-doar-7zile-pana-la-scumpirea-preturilor-la-oasis/,Important: Mai sunt doar 7 zile până la scumpirea prețurilor la OASIS - NewsMaker,152
https://hipnplay.com/en/download/ansamblul-folcloric-busuioc-LS1YaGtOU2N0NE9iaw,"Ansamblul folcloric ,,Busuioc'' MP3 Free Download",153
https://hipnplay.com/en/download/ansamblul-folcloric-legenda-s-mereni-cond-a-mamot-LS1iaFAwdmRWNW5YMA,Ansamblul folcloric Legenda s. Mereni cond .A. Mamot MP3 Free Download,154
https://www.facebook.com/Ansamblul-de-dansuri-populare-Struguras-997911176897662/,"Ansamblul de dansuri populare ""Struguras"" - Почетна страница | Фејсбук",155
https://sr-rs.facebook.com/pages/category/Band/196094221135212/,"Ansamblul de dansuri populare Speranta, s. Glinjeni - Почетна страница | Фејсбук",156
https://www.youtube.com/watch?v=hfTg4TxVL6I,"Ansamblul Folcloric ""Doinita "" - YouTube",157
https://www.youtube.com/watch?v=X4B6ryfn-Mo,"Ansamblul Folcloric ""Doinita"", Balti, Martisor 2016 - YouTube",158
https://www.youtube.com/watch?v=d_O0b0L-CeQ,Ansamblul Folcloric Vantulet din Balti Moldova 1 - YouTube,159
https://www.youtube.com/watch?v=w7lj-6HswV8,Ansamblul Folcloric Vantulet din Balti Moldova_2.mp4 - YouTube,160
https://www.youtube.com/watch?v=KyEg86FnZME,"Ansamblul folcloric ""Doinita"" la 25ani - YouTube",161
http://www.bri.gov.md/index.php?pag=noutati&opa=view&id=241&start=340&l=%3Cbr,Biroul Relaţii Interetnice,162
http://old.mc.gov.md/ro/content/spectacol-folcloric-colective-din-teritoriu,Spectacol folcloric colective din teritoriu | Ministerul Culturii,163
https://infoprut.ro/44941-artisti-din-republica-moldova-si-serbia-participanti-la-festivalul-national-al-traditiilor-populare-din-sibiu.html,"Artiști din Republica Moldova și Serbia, participanți la Festivalul Naţional al Tradiţiilor Populare din Sibiu",164
https://www.timpul.md/tag-41030-Ansamblul+folcloric+de+copii+%E2%80%9EB%C4%83%C8%99tina%C8%99ii%E2%80%9D, Ansamblul folcloric de copii „Băștinașii” ,165
https://www.jurnal.md/ro/news/d30c7bfaabc88a8d/adio-lica-cine-a-fost-cel-de-al-patrulea-angajat-medical-care-a-pierdut-viata-in-lupta-cu-covid-19.html,"„Adio, Lica”; Cine a fost cel de-al patrulea angajat medical care a pierdut viața în lupta cu Covid-19 | Jurnal.md",166
https://observatorul.md/cultura/2019/01/14/54836_la-anul-si-la-multi-ani-va-felicita-ansamblul-folcloric-cu-titlul-model-colinda-de-la-palatul-culturii-soroca,La anul și la mulți ani! Vă felicită Ansamblul folcloric cu titlul model ”Colinda” de la Palatul Culturii Soroca! - Observatorul de Nord,167
https://www.youtube.com/watch?v=1o_F8mMp9Zc,Ansamblul folcloric „Doiniţa” (01.2017) - YouTube,168
https://azchart.info/what/s96ni9DTZa6bfs8-ansamblul-folcloric-doina-baraganului-dans-Ialomiteanul,"Ansamblul folcloric ""Doina Baraganului"" - Dans Ialomiteanul",169
http://polskawiosna.md/files/17_lat_razem.pdf,,170,ERROR:'NoneType' object has no attribute 'text'
https://www.infobraila.ro/2010/07/ansamblul-folcloric-%E2%80%9Cvulturasul%E2%80%9D-prezent-la-festivalul-international-%E2%80%9Ccerbul-de-aur-junior%E2%80%9D/comment-page-1/,,171,ERROR:<urlopen error _ssl.c:1091: The handshake operation timed out>
https://ljubljana.mae.ro/local-news/879,Ansamblul „Opincuța” din Chișinău în vizită la Ambasada României | AMBASADA ROMÂNIEI  în Republica Slovenia,172
http://bk.lamaisonprato.it/complexul-rai-braila.html,,173,ERROR:'NoneType' object has no attribute 'text'
https://newsmaker.md/ro/important-mai-sunt-doar-7zile-pana-la-scumpirea-preturilor-la-oasis/,Important: Mai sunt doar 7 zile până la scumpirea prețurilor la OASIS - NewsMaker,174
https://hipnplay.com/en/download/ansamblul-folcloric-busuioc-LS1YaGtOU2N0NE9iaw,"Ansamblul folcloric ,,Busuioc'' MP3 Free Download",175
https://hipnplay.com/en/download/ansamblul-folcloric-legenda-s-mereni-cond-a-mamot-LS1iaFAwdmRWNW5YMA,Ansamblul folcloric Legenda s. Mereni cond .A. Mamot MP3 Free Download,176
https://www.facebook.com/Ansamblul-de-dansuri-populare-Struguras-997911176897662/,"Ansamblul de dansuri populare ""Struguras"" - Почетна страница | Фејсбук",177
https://sr-rs.facebook.com/pages/category/Band/196094221135212/,"Ansamblul de dansuri populare Speranta, s. Glinjeni - Почетна страница | Фејсбук",178
https://www.youtube.com/watch?v=hfTg4TxVL6I,"Ansamblul Folcloric ""Doinita "" - YouTube",179
https://www.youtube.com/watch?v=X4B6ryfn-Mo,"Ansamblul Folcloric ""Doinita"", Balti, Martisor 2016 - YouTube",180
https://www.youtube.com/watch?v=d_O0b0L-CeQ,Ansamblul Folcloric Vantulet din Balti Moldova 1 - YouTube,181
https://www.youtube.com/watch?v=w7lj-6HswV8,Ansamblul Folcloric Vantulet din Balti Moldova_2.mp4 - YouTube,182
https://www.youtube.com/watch?v=KyEg86FnZME,"Ansamblul folcloric ""Doinita"" la 25ani - YouTube",183
http://www.bri.gov.md/index.php?pag=noutati&opa=view&id=241&start=340&l=%3Cbr,Biroul Relaţii Interetnice,184
http://old.mc.gov.md/ro/content/spectacol-folcloric-colective-din-teritoriu,Spectacol folcloric colective din teritoriu | Ministerul Culturii,185
https://infoprut.ro/44941-artisti-din-republica-moldova-si-serbia-participanti-la-festivalul-national-al-traditiilor-populare-din-sibiu.html,"Artiști din Republica Moldova și Serbia, participanți la Festivalul Naţional al Tradiţiilor Populare din Sibiu",186
https://www.timpul.md/tag-41030-Ansamblul+folcloric+de+copii+%E2%80%9EB%C4%83%C8%99tina%C8%99ii%E2%80%9D, Ansamblul folcloric de copii „Băștinașii” ,187
https://www.jurnal.md/ro/news/d30c7bfaabc88a8d/adio-lica-cine-a-fost-cel-de-al-patrulea-angajat-medical-care-a-pierdut-viata-in-lupta-cu-covid-19.html,"„Adio, Lica”; Cine a fost cel de-al patrulea angajat medical care a pierdut viața în lupta cu Covid-19 | Jurnal.md",188
https://observatorul.md/cultura/2019/01/14/54836_la-anul-si-la-multi-ani-va-felicita-ansamblul-folcloric-cu-titlul-model-colinda-de-la-palatul-culturii-soroca,La anul și la mulți ani! Vă felicită Ansamblul folcloric cu titlul model ”Colinda” de la Palatul Culturii Soroca! - Observatorul de Nord,189
https://www.youtube.com/watch?v=1o_F8mMp9Zc,Ansamblul folcloric „Doiniţa” (01.2017) - YouTube,190
https://azchart.info/what/s96ni9DTZa6bfs8-ansamblul-folcloric-doina-baraganului-dans-Ialomiteanul,"Ansamblul folcloric ""Doina Baraganului"" - Dans Ialomiteanul",191
http://polskawiosna.md/files/17_lat_razem.pdf,,192,ERROR:'NoneType' object has no attribute 'text'
https://www.infobraila.ro/2010/07/ansamblul-folcloric-%E2%80%9Cvulturasul%E2%80%9D-prezent-la-festivalul-international-%E2%80%9Ccerbul-de-aur-junior%E2%80%9D/comment-page-1/,,193,ERROR:<urlopen error _ssl.c:1091: The handshake operation timed out>
https://ljubljana.mae.ro/local-news/879,Ansamblul „Opincuța” din Chișinău în vizită la Ambasada României | AMBASADA ROMÂNIEI  în Republica Slovenia,194
http://bk.lamaisonprato.it/complexul-rai-braila.html,,195,ERROR:'NoneType' object has no attribute 'text'
https://newsmaker.md/ro/important-mai-sunt-doar-7zile-pana-la-scumpirea-preturilor-la-oasis/,Important: Mai sunt doar 7 zile până la scumpirea prețurilor la OASIS - NewsMaker,196
https://hipnplay.com/en/download/ansamblul-folcloric-busuioc-LS1YaGtOU2N0NE9iaw,"Ansamblul folcloric ,,Busuioc'' MP3 Free Download",197
https://hipnplay.com/en/download/ansamblul-folcloric-legenda-s-mereni-cond-a-mamot-LS1iaFAwdmRWNW5YMA,Ansamblul folcloric Legenda s. Mereni cond .A. Mamot MP3 Free Download,198
https://www.facebook.com/Ansamblul-de-dansuri-populare-Struguras-997911176897662/,"Ansamblul de dansuri populare ""Struguras"" - Почетна страница | Фејсбук",199
https://sr-rs.facebook.com/pages/category/Band/196094221135212/,"Ansamblul de dansuri populare Speranta, s. Glinjeni - Почетна страница | Фејсбук",200
https://www.youtube.com/watch?v=hfTg4TxVL6I,"Ansamblul Folcloric ""Doinita "" - YouTube",201
https://www.youtube.com/watch?v=X4B6ryfn-Mo,"Ansamblul Folcloric ""Doinita"", Balti, Martisor 2016 - YouTube",202
https://www.youtube.com/watch?v=d_O0b0L-CeQ,Ansamblul Folcloric Vantulet din Balti Moldova 1 - YouTube,203
https://www.youtube.com/watch?v=w7lj-6HswV8,Ansamblul Folcloric Vantulet din Balti Moldova_2.mp4 - YouTube,204
https://www.youtube.com/watch?v=KyEg86FnZME,"Ansamblul folcloric ""Doinita"" la 25ani - YouTube",205
http://www.bri.gov.md/index.php?pag=noutati&opa=view&id=241&start=340&l=%3Cbr,Biroul Relaţii Interetnice,206
http://old.mc.gov.md/ro/content/spectacol-folcloric-colective-din-teritoriu,Spectacol folcloric colective din teritoriu | Ministerul Culturii,207
https://infoprut.ro/44941-artisti-din-republica-moldova-si-serbia-participanti-la-festivalul-national-al-traditiilor-populare-din-sibiu.html,"Artiști din Republica Moldova și Serbia, participanți la Festivalul Naţional al Tradiţiilor Populare din Sibiu",208
https://www.timpul.md/tag-41030-Ansamblul+folcloric+de+copii+%E2%80%9EB%C4%83%C8%99tina%C8%99ii%E2%80%9D, Ansamblul folcloric de copii „Băștinașii” ,209
https://www.jurnal.md/ro/news/d30c7bfaabc88a8d/adio-lica-cine-a-fost-cel-de-al-patrulea-angajat-medical-care-a-pierdut-viata-in-lupta-cu-covid-19.html,"„Adio, Lica”; Cine a fost cel de-al patrulea angajat medical care a pierdut viața în lupta cu Covid-19 | Jurnal.md",210
https://observatorul.md/cultura/2019/01/14/54836_la-anul-si-la-multi-ani-va-felicita-ansamblul-folcloric-cu-titlul-model-colinda-de-la-palatul-culturii-soroca,La anul și la mulți ani! Vă felicită Ansamblul folcloric cu titlul model ”Colinda” de la Palatul Culturii Soroca! - Observatorul de Nord,211
https://www.youtube.com/watch?v=1o_F8mMp9Zc,Ansamblul folcloric „Doiniţa” (01.2017) - YouTube,212
https://azchart.info/what/s96ni9DTZa6bfs8-ansamblul-folcloric-doina-baraganului-dans-Ialomiteanul,"Ansamblul folcloric ""Doina Baraganului"" - Dans Ialomiteanul",213
http://polskawiosna.md/files/17_lat_razem.pdf,,214,ERROR:'NoneType' object has no attribute 'text'
https://www.infobraila.ro/2010/07/ansamblul-folcloric-%E2%80%9Cvulturasul%E2%80%9D-prezent-la-festivalul-international-%E2%80%9Ccerbul-de-aur-junior%E2%80%9D/comment-page-1/,,215,ERROR:<urlopen error _ssl.c:1091: The handshake operation timed out>
https://ljubljana.mae.ro/local-news/879,Ansamblul „Opincuța” din Chișinău în vizită la Ambasada României | AMBASADA ROMÂNIEI  în Republica Slovenia,216
http://bk.lamaisonprato.it/complexul-rai-braila.html,,217,ERROR:'NoneType' object has no attribute 'text'
https://newsmaker.md/ro/important-mai-sunt-doar-7zile-pana-la-scumpirea-preturilor-la-oasis/,Important: Mai sunt doar 7 zile până la scumpirea prețurilor la OASIS - NewsMaker,218
https://hipnplay.com/en/download/ansamblul-folcloric-busuioc-LS1YaGtOU2N0NE9iaw,"Ansamblul folcloric ,,Busuioc'' MP3 Free Download",219
https://hipnplay.com/en/download/ansamblul-folcloric-legenda-s-mereni-cond-a-mamot-LS1iaFAwdmRWNW5YMA,Ansamblul folcloric Legenda s. Mereni cond .A. Mamot MP3 Free Download,220
https://www.facebook.com/Ansamblul-de-dansuri-populare-Struguras-997911176897662/,"Ansamblul de dansuri populare ""Struguras"" - Почетна страница | Фејсбук",221
https://sr-rs.facebook.com/pages/category/Band/196094221135212/,"Ansamblul de dansuri populare Speranta, s. Glinjeni - Почетна страница | Фејсбук",222
https://www.youtube.com/watch?v=hfTg4TxVL6I,"Ansamblul Folcloric ""Doinita "" - YouTube",223
https://www.youtube.com/watch?v=X4B6ryfn-Mo,"Ansamblul Folcloric ""Doinita"", Balti, Martisor 2016 - YouTube",224
https://www.youtube.com/watch?v=d_O0b0L-CeQ,Ansamblul Folcloric Vantulet din Balti Moldova 1 - YouTube,225
https://www.youtube.com/watch?v=w7lj-6HswV8,Ansamblul Folcloric Vantulet din Balti Moldova_2.mp4 - YouTube,226
https://www.youtube.com/watch?v=KyEg86FnZME,"Ansamblul folcloric ""Doinita"" la 25ani - YouTube",227
http://www.bri.gov.md/index.php?pag=noutati&opa=view&id=241&start=340&l=%3Cbr,Biroul Relaţii Interetnice,228
http://old.mc.gov.md/ro/content/spectacol-folcloric-colective-din-teritoriu,Spectacol folcloric colective din teritoriu | Ministerul Culturii,229
https://infoprut.ro/44941-artisti-din-republica-moldova-si-serbia-participanti-la-festivalul-national-al-traditiilor-populare-din-sibiu.html,"Artiști din Republica Moldova și Serbia, participanți la Festivalul Naţional al Tradiţiilor Populare din Sibiu",230
https://www.timpul.md/tag-41030-Ansamblul+folcloric+de+copii+%E2%80%9EB%C4%83%C8%99tina%C8%99ii%E2%80%9D, Ansamblul folcloric de copii „Băștinașii” ,231
https://www.jurnal.md/ro/news/d30c7bfaabc88a8d/adio-lica-cine-a-fost-cel-de-al-patrulea-angajat-medical-care-a-pierdut-viata-in-lupta-cu-covid-19.html,"„Adio, Lica”; Cine a fost cel de-al patrulea angajat medical care a pierdut viața în lupta cu Covid-19 | Jurnal.md",232
https://observatorul.md/cultura/2019/01/14/54836_la-anul-si-la-multi-ani-va-felicita-ansamblul-folcloric-cu-titlul-model-colinda-de-la-palatul-culturii-soroca,La anul și la mulți ani! Vă felicită Ansamblul folcloric cu titlul model ”Colinda” de la Palatul Culturii Soroca! - Observatorul de Nord,233
https://www.youtube.com/watch?v=1o_F8mMp9Zc,YouTube,234
https://azchart.info/what/s96ni9DTZa6bfs8-ansamblul-folcloric-doina-baraganului-dans-Ialomiteanul,"Ansamblul folcloric ""Doina Baraganului"" - Dans Ialomiteanul",235
http://polskawiosna.md/files/17_lat_razem.pdf,,236,ERROR:'NoneType' object has no attribute 'text'
https://www.infobraila.ro/2010/07/ansamblul-folcloric-%E2%80%9Cvulturasul%E2%80%9D-prezent-la-festivalul-international-%E2%80%9Ccerbul-de-aur-junior%E2%80%9D/comment-page-1/,,237,ERROR:<urlopen error _ssl.c:1091: The handshake operation timed out>
https://ljubljana.mae.ro/local-news/879,Ansamblul „Opincuța” din Chișinău în vizită la Ambasada României | AMBASADA ROMÂNIEI  în Republica Slovenia,238
http://bk.lamaisonprato.it/complexul-rai-braila.html,,239,ERROR:'NoneType' object has no attribute 'text'
https://newsmaker.md/ro/important-mai-sunt-doar-7zile-pana-la-scumpirea-preturilor-la-oasis/,Important: Mai sunt doar 7 zile până la scumpirea prețurilor la OASIS - NewsMaker,240
https://hipnplay.com/en/download/ansamblul-folcloric-busuioc-LS1YaGtOU2N0NE9iaw,"Ansamblul folcloric ,,Busuioc'' MP3 Free Download",241
https://hipnplay.com/en/download/ansamblul-folcloric-legenda-s-mereni-cond-a-mamot-LS1iaFAwdmRWNW5YMA,Ansamblul folcloric Legenda s. Mereni cond .A. Mamot MP3 Free Download,242
https://www.facebook.com/Ansamblul-de-dansuri-populare-Struguras-997911176897662/,"Ansamblul de dansuri populare ""Struguras"" - Почетна страница | Фејсбук",243
https://sr-rs.facebook.com/pages/category/Band/196094221135212/,"Ansamblul de dansuri populare Speranta, s. Glinjeni - Почетна страница | Фејсбук",244
https://www.youtube.com/watch?v=hfTg4TxVL6I,"Ansamblul Folcloric ""Doinita "" - YouTube",245
https://www.youtube.com/watch?v=X4B6ryfn-Mo,"Ansamblul Folcloric ""Doinita"", Balti, Martisor 2016 - YouTube",246
https://www.youtube.com/watch?v=d_O0b0L-CeQ,Ansamblul Folcloric Vantulet din Balti Moldova 1 - YouTube,247
https://www.youtube.com/watch?v=w7lj-6HswV8,Ansamblul Folcloric Vantulet din Balti Moldova_2.mp4 - YouTube,248
https://www.youtube.com/watch?v=KyEg86FnZME,"Ansamblul folcloric ""Doinita"" la 25ani - YouTube",249
http://www.bri.gov.md/index.php?pag=noutati&opa=view&id=241&start=340&l=%3Cbr,Biroul Relaţii Interetnice,250
http://old.mc.gov.md/ro/content/spectacol-folcloric-colective-din-teritoriu,Spectacol folcloric colective din teritoriu | Ministerul Culturii,251
https://infoprut.ro/44941-artisti-din-republica-moldova-si-serbia-participanti-la-festivalul-national-al-traditiilor-populare-din-sibiu.html,"Artiști din Republica Moldova și Serbia, participanți la Festivalul Naţional al Tradiţiilor Populare din Sibiu",252
https://www.timpul.md/tag-41030-Ansamblul+folcloric+de+copii+%E2%80%9EB%C4%83%C8%99tina%C8%99ii%E2%80%9D, Ansamblul folcloric de copii „Băștinașii” ,253
https://www.jurnal.md/ro/news/d30c7bfaabc88a8d/adio-lica-cine-a-fost-cel-de-al-patrulea-angajat-medical-care-a-pierdut-viata-in-lupta-cu-covid-19.html,"„Adio, Lica”; Cine a fost cel de-al patrulea angajat medical care a pierdut viața în lupta cu Covid-19 | Jurnal.md",254
https://observatorul.md/cultura/2019/01/14/54836_la-anul-si-la-multi-ani-va-felicita-ansamblul-folcloric-cu-titlul-model-colinda-de-la-palatul-culturii-soroca,La anul și la mulți ani! Vă felicită Ansamblul folcloric cu titlul model ”Colinda” de la Palatul Culturii Soroca! - Observatorul de Nord,255
https://www.youtube.com/watch?v=1o_F8mMp9Zc,Ansamblul folcloric „Doiniţa” (01.2017) - YouTube,256
https://azchart.info/what/s96ni9DTZa6bfs8-ansamblul-folcloric-doina-baraganului-dans-Ialomiteanul,"Ansamblul folcloric ""Doina Baraganului"" - Dans Ialomiteanul",257
http://polskawiosna.md/files/17_lat_razem.pdf,,258,ERROR:'NoneType' object has no attribute 'text'
https://www.infobraila.ro/2010/07/ansamblul-folcloric-%E2%80%9Cvulturasul%E2%80%9D-prezent-la-festivalul-international-%E2%80%9Ccerbul-de-aur-junior%E2%80%9D/comment-page-1/,,259,ERROR:<urlopen error _ssl.c:1091: The handshake operation timed out>
https://ljubljana.mae.ro/local-news/879,Ansamblul „Opincuța” din Chișinău în vizită la Ambasada României | AMBASADA ROMÂNIEI  în Republica Slovenia,260
http://bk.lamaisonprato.it/complexul-rai-braila.html,,261,ERROR:'NoneType' object has no attribute 'text'
https://newsmaker.md/ro/important-mai-sunt-doar-7zile-pana-la-scumpirea-preturilor-la-oasis/,Important: Mai sunt doar 7 zile până la scumpirea prețurilor la OASIS - NewsMaker,262
https://hipnplay.com/en/download/ansamblul-folcloric-busuioc-LS1YaGtOU2N0NE9iaw,"Ansamblul folcloric ,,Busuioc'' MP3 Free Download",263
https://hipnplay.com/en/download/ansamblul-folcloric-legenda-s-mereni-cond-a-mamot-LS1iaFAwdmRWNW5YMA,Ansamblul folcloric Legenda s. Mereni cond .A. Mamot MP3 Free Download,264
https://www.facebook.com/Ansamblul-de-dansuri-populare-Struguras-997911176897662/,"Ansamblul de dansuri populare ""Struguras"" - Почетна страница | Фејсбук",265
https://sr-rs.facebook.com/pages/category/Band/196094221135212/,"Ansamblul de dansuri populare Speranta, s. Glinjeni - Почетна страница | Фејсбук",266
https://www.youtube.com/watch?v=hfTg4TxVL6I,"Ansamblul Folcloric ""Doinita "" - YouTube",267
https://www.youtube.com/watch?v=X4B6ryfn-Mo,"Ansamblul Folcloric ""Doinita"", Balti, Martisor 2016 - YouTube",268
https://www.youtube.com/watch?v=d_O0b0L-CeQ,Ansamblul Folcloric Vantulet din Balti Moldova 1 - YouTube,269
https://www.youtube.com/watch?v=w7lj-6HswV8,Ansamblul Folcloric Vantulet din Balti Moldova_2.mp4 - YouTube,270
https://www.youtube.com/watch?v=KyEg86FnZME,"Ansamblul folcloric ""Doinita"" la 25ani - YouTube",271
http://www.bri.gov.md/index.php?pag=noutati&opa=view&id=241&start=340&l=%3Cbr,Biroul Relaţii Interetnice,272
http://old.mc.gov.md/ro/content/spectacol-folcloric-colective-din-teritoriu,Spectacol folcloric colective din teritoriu | Ministerul Culturii,273
https://infoprut.ro/44941-artisti-din-republica-moldova-si-serbia-participanti-la-festivalul-national-al-traditiilor-populare-din-sibiu.html,"Artiști din Republica Moldova și Serbia, participanți la Festivalul Naţional al Tradiţiilor Populare din Sibiu",274
https://www.timpul.md/tag-41030-Ansamblul+folcloric+de+copii+%E2%80%9EB%C4%83%C8%99tina%C8%99ii%E2%80%9D, Ansamblul folcloric de copii „Băștinașii” ,275
https://www.jurnal.md/ro/news/d30c7bfaabc88a8d/adio-lica-cine-a-fost-cel-de-al-patrulea-angajat-medical-care-a-pierdut-viata-in-lupta-cu-covid-19.html,"„Adio, Lica”; Cine a fost cel de-al patrulea angajat medical care a pierdut viața în lupta cu Covid-19 | Jurnal.md",276
https://observatorul.md/cultura/2019/01/14/54836_la-anul-si-la-multi-ani-va-felicita-ansamblul-folcloric-cu-titlul-model-colinda-de-la-palatul-culturii-soroca,La anul și la mulți ani! Vă felicită Ansamblul folcloric cu titlul model ”Colinda” de la Palatul Culturii Soroca! - Observatorul de Nord,277
https://www.youtube.com/watch?v=1o_F8mMp9Zc,YouTube,278
https://azchart.info/what/s96ni9DTZa6bfs8-ansamblul-folcloric-doina-baraganului-dans-Ialomiteanul,"Ansamblul folcloric ""Doina Baraganului"" - Dans Ialomiteanul",279
http://polskawiosna.md/files/17_lat_razem.pdf,,280,ERROR:'NoneType' object has no attribute 'text'
https://www.infobraila.ro/2010/07/ansamblul-folcloric-%E2%80%9Cvulturasul%E2%80%9D-prezent-la-festivalul-international-%E2%80%9Ccerbul-de-aur-junior%E2%80%9D/comment-page-1/,,281,ERROR:<urlopen error _ssl.c:1091: The handshake operation timed out>
https://ljubljana.mae.ro/local-news/879,Ansamblul „Opincuța” din Chișinău în vizită la Ambasada României | AMBASADA ROMÂNIEI  în Republica Slovenia,282
http://bk.lamaisonprato.it/complexul-rai-braila.html,,283,ERROR:'NoneType' object has no attribute 'text'
https://newsmaker.md/ro/important-mai-sunt-doar-7zile-pana-la-scumpirea-preturilor-la-oasis/,Important: Mai sunt doar 7 zile până la scumpirea prețurilor la OASIS - NewsMaker,284
https://hipnplay.com/en/download/ansamblul-folcloric-busuioc-LS1YaGtOU2N0NE9iaw,"Ansamblul folcloric ,,Busuioc'' MP3 Free Download",285
https://hipnplay.com/en/download/ansamblul-folcloric-legenda-s-mereni-cond-a-mamot-LS1iaFAwdmRWNW5YMA,Ansamblul folcloric Legenda s. Mereni cond .A. Mamot MP3 Free Download,286
https://www.facebook.com/Ansamblul-de-dansuri-populare-Struguras-997911176897662/,"Ansamblul de dansuri populare ""Struguras"" - Почетна страница | Фејсбук",287
https://sr-rs.facebook.com/pages/category/Band/196094221135212/,"Ansamblul de dansuri populare Speranta, s. Glinjeni - Почетна страница | Фејсбук",288
https://www.youtube.com/watch?v=hfTg4TxVL6I,"Ansamblul Folcloric ""Doinita "" - YouTube",289
https://www.youtube.com/watch?v=X4B6ryfn-Mo,"Ansamblul Folcloric ""Doinita"", Balti, Martisor 2016 - YouTube",290
https://www.youtube.com/watch?v=d_O0b0L-CeQ,Ansamblul Folcloric Vantulet din Balti Moldova 1 - YouTube,291
https://www.youtube.com/watch?v=w7lj-6HswV8,Ansamblul Folcloric Vantulet din Balti Moldova_2.mp4 - YouTube,292
https://www.youtube.com/watch?v=KyEg86FnZME,"Ansamblul folcloric ""Doinita"" la 25ani - YouTube",293
http://www.bri.gov.md/index.php?pag=noutati&opa=view&id=241&start=340&l=%3Cbr,Biroul Relaţii Interetnice,294
http://old.mc.gov.md/ro/content/spectacol-folcloric-colective-din-teritoriu,Spectacol folcloric colective din teritoriu | Ministerul Culturii,295
https://infoprut.ro/44941-artisti-din-republica-moldova-si-serbia-participanti-la-festivalul-national-al-traditiilor-populare-din-sibiu.html,"Artiști din Republica Moldova și Serbia, participanți la Festivalul Naţional al Tradiţiilor Populare din Sibiu",296
https://www.timpul.md/tag-41030-Ansamblul+folcloric+de+copii+%E2%80%9EB%C4%83%C8%99tina%C8%99ii%E2%80%9D, Ansamblul folcloric de copii „Băștinașii” ,297
https://www.jurnal.md/ro/news/d30c7bfaabc88a8d/adio-lica-cine-a-fost-cel-de-al-patrulea-angajat-medical-care-a-pierdut-viata-in-lupta-cu-covid-19.html,"„Adio, Lica”; Cine a fost cel de-al patrulea angajat medical care a pierdut viața în lupta cu Covid-19 | Jurnal.md",298
https://observatorul.md/cultura/2019/01/14/54836_la-anul-si-la-multi-ani-va-felicita-ansamblul-folcloric-cu-titlul-model-colinda-de-la-palatul-culturii-soroca,La anul și la mulți ani! Vă felicită Ansamblul folcloric cu titlul model ”Colinda” de la Palatul Culturii Soroca! - Observatorul de Nord,299
https://www.youtube.com/watch?v=1o_F8mMp9Zc,Ansamblul folcloric „Doiniţa” (01.2017) - YouTube,300
https://azchart.info/what/s96ni9DTZa6bfs8-ansamblul-folcloric-doina-baraganului-dans-Ialomiteanul,"Ansamblul folcloric ""Doina Baraganului"" - Dans Ialomiteanul",301
http://polskawiosna.md/files/17_lat_razem.pdf,,302,ERROR:'NoneType' object has no attribute 'text'
https://www.infobraila.ro/2010/07/ansamblul-folcloric-%E2%80%9Cvulturasul%E2%80%9D-prezent-la-festivalul-international-%E2%80%9Ccerbul-de-aur-junior%E2%80%9D/comment-page-1/,,303,ERROR:<urlopen error _ssl.c:1091: The handshake operation timed out>
https://ljubljana.mae.ro/local-news/879,Ansamblul „Opincuța” din Chișinău în vizită la Ambasada României | AMBASADA ROMÂNIEI  în Republica Slovenia,304
http://bk.lamaisonprato.it/complexul-rai-braila.html,,305,ERROR:'NoneType' object has no attribute 'text'
https://newsmaker.md/ro/important-mai-sunt-doar-7zile-pana-la-scumpirea-preturilor-la-oasis/,Important: Mai sunt doar 7 zile până la scumpirea prețurilor la OASIS - NewsMaker,306
https://hipnplay.com/en/download/ansamblul-folcloric-busuioc-LS1YaGtOU2N0NE9iaw,"Ansamblul folcloric ,,Busuioc'' MP3 Free Download",307
https://hipnplay.com/en/download/ansamblul-folcloric-legenda-s-mereni-cond-a-mamot-LS1iaFAwdmRWNW5YMA,Ansamblul folcloric Legenda s. Mereni cond .A. Mamot MP3 Free Download,308
https://www.facebook.com/Ansamblul-de-dansuri-populare-Struguras-997911176897662/,"Ansamblul de dansuri populare ""Struguras"" - Почетна страница | Фејсбук",309
https://sr-rs.facebook.com/pages/category/Band/196094221135212/,"Ansamblul de dansuri populare Speranta, s. Glinjeni - Почетна страница | Фејсбук",310
https://www.youtube.com/watch?v=hfTg4TxVL6I,"Ansamblul Folcloric ""Doinita "" - YouTube",311
https://www.youtube.com/watch?v=X4B6ryfn-Mo,"Ansamblul Folcloric ""Doinita"", Balti, Martisor 2016 - YouTube",312
https://www.youtube.com/watch?v=d_O0b0L-CeQ,Ansamblul Folcloric Vantulet din Balti Moldova 1 - YouTube,313
https://www.youtube.com/watch?v=w7lj-6HswV8,Ansamblul Folcloric Vantulet din Balti Moldova_2.mp4 - YouTube,314
https://www.youtube.com/watch?v=KyEg86FnZME,"Ansamblul folcloric ""Doinita"" la 25ani - YouTube",315
http://www.bri.gov.md/index.php?pag=noutati&opa=view&id=241&start=340&l=%3Cbr,Biroul Relaţii Interetnice,316
http://old.mc.gov.md/ro/content/spectacol-folcloric-colective-din-teritoriu,Spectacol folcloric colective din teritoriu | Ministerul Culturii,317
https://infoprut.ro/44941-artisti-din-republica-moldova-si-serbia-participanti-la-festivalul-national-al-traditiilor-populare-din-sibiu.html,"Artiști din Republica Moldova și Serbia, participanți la Festivalul Naţional al Tradiţiilor Populare din Sibiu",318
https://www.timpul.md/tag-41030-Ansamblul+folcloric+de+copii+%E2%80%9EB%C4%83%C8%99tina%C8%99ii%E2%80%9D, Ansamblul folcloric de copii „Băștinașii” ,319
https://www.jurnal.md/ro/news/d30c7bfaabc88a8d/adio-lica-cine-a-fost-cel-de-al-patrulea-angajat-medical-care-a-pierdut-viata-in-lupta-cu-covid-19.html,"„Adio, Lica”; Cine a fost cel de-al patrulea angajat medical care a pierdut viața în lupta cu Covid-19 | Jurnal.md",320
https://observatorul.md/cultura/2019/01/14/54836_la-anul-si-la-multi-ani-va-felicita-ansamblul-folcloric-cu-titlul-model-colinda-de-la-palatul-culturii-soroca,La anul și la mulți ani! Vă felicită Ansamblul folcloric cu titlul model ”Colinda” de la Palatul Culturii Soroca! - Observatorul de Nord,321
https://www.youtube.com/watch?v=1o_F8mMp9Zc,Ansamblul folcloric „Doiniţa” (01.2017) - YouTube,322
https://azchart.info/what/s96ni9DTZa6bfs8-ansamblul-folcloric-doina-baraganului-dans-Ialomiteanul,"Ansamblul folcloric ""Doina Baraganului"" - Dans Ialomiteanul",323
http://polskawiosna.md/files/17_lat_razem.pdf,,324,ERROR:'NoneType' object has no attribute 'text'
https://www.infobraila.ro/2010/07/ansamblul-folcloric-%E2%80%9Cvulturasul%E2%80%9D-prezent-la-festivalul-international-%E2%80%9Ccerbul-de-aur-junior%E2%80%9D/comment-page-1/,,325,ERROR:<urlopen error _ssl.c:1091: The handshake operation timed out>
https://ljubljana.mae.ro/local-news/879,Ansamblul „Opincuța” din Chișinău în vizită la Ambasada României | AMBASADA ROMÂNIEI  în Republica Slovenia,326
http://bk.lamaisonprato.it/complexul-rai-braila.html,,327,ERROR:'NoneType' object has no attribute 'text'
https://newsmaker.md/ro/important-mai-sunt-doar-7zile-pana-la-scumpirea-preturilor-la-oasis/,Important: Mai sunt doar 7 zile până la scumpirea prețurilor la OASIS - NewsMaker,328
https://hipnplay.com/en/download/ansamblul-folcloric-busuioc-LS1YaGtOU2N0NE9iaw,"Ansamblul folcloric ,,Busuioc'' MP3 Free Download",329
https://hipnplay.com/en/download/ansamblul-folcloric-legenda-s-mereni-cond-a-mamot-LS1iaFAwdmRWNW5YMA,Ansamblul folcloric Legenda s. Mereni cond .A. Mamot MP3 Free Download,330
https://www.facebook.com/Ansamblul-de-dansuri-populare-Struguras-997911176897662/,"Ansamblul de dansuri populare ""Struguras"" - Почетна страница | Фејсбук",331
https://sr-rs.facebook.com/pages/category/Band/196094221135212/,"Ansamblul de dansuri populare Speranta, s. Glinjeni - Почетна страница | Фејсбук",332
https://www.youtube.com/watch?v=hfTg4TxVL6I,"Ansamblul Folcloric ""Doinita "" - YouTube",333
https://www.youtube.com/watch?v=X4B6ryfn-Mo,YouTube,334
https://www.youtube.com/watch?v=d_O0b0L-CeQ,Ansamblul Folcloric Vantulet din Balti Moldova 1 - YouTube,335
https://www.youtube.com/watch?v=w7lj-6HswV8,Ansamblul Folcloric Vantulet din Balti Moldova_2.mp4 - YouTube,336
https://www.youtube.com/watch?v=KyEg86FnZME,"Ansamblul folcloric ""Doinita"" la 25ani - YouTube",337
http://www.bri.gov.md/index.php?pag=noutati&opa=view&id=241&start=340&l=%3Cbr,Biroul Relaţii Interetnice,338
http://old.mc.gov.md/ro/content/spectacol-folcloric-colective-din-teritoriu,Spectacol folcloric colective din teritoriu | Ministerul Culturii,339
https://infoprut.ro/44941-artisti-din-republica-moldova-si-serbia-participanti-la-festivalul-national-al-traditiilor-populare-din-sibiu.html,"Artiști din Republica Moldova și Serbia, participanți la Festivalul Naţional al Tradiţiilor Populare din Sibiu",340
https://www.timpul.md/tag-41030-Ansamblul+folcloric+de+copii+%E2%80%9EB%C4%83%C8%99tina%C8%99ii%E2%80%9D, Ansamblul folcloric de copii „Băștinașii” ,341
https://www.jurnal.md/ro/news/d30c7bfaabc88a8d/adio-lica-cine-a-fost-cel-de-al-patrulea-angajat-medical-care-a-pierdut-viata-in-lupta-cu-covid-19.html,"„Adio, Lica”; Cine a fost cel de-al patrulea angajat medical care a pierdut viața în lupta cu Covid-19 | Jurnal.md",342
https://observatorul.md/cultura/2019/01/14/54836_la-anul-si-la-multi-ani-va-felicita-ansamblul-folcloric-cu-titlul-model-colinda-de-la-palatul-culturii-soroca,La anul și la mulți ani! Vă felicită Ansamblul folcloric cu titlul model ”Colinda” de la Palatul Culturii Soroca! - Observatorul de Nord,343
https://www.youtube.com/watch?v=1o_F8mMp9Zc,Ansamblul folcloric „Doiniţa” (01.2017) - YouTube,344
https://azchart.info/what/s96ni9DTZa6bfs8-ansamblul-folcloric-doina-baraganului-dans-Ialomiteanul,"Ansamblul folcloric ""Doina Baraganului"" - Dans Ialomiteanul",345
http://polskawiosna.md/files/17_lat_razem.pdf,,346,ERROR:'NoneType' object has no attribute 'text'
https://www.infobraila.ro/2010/07/ansamblul-folcloric-%E2%80%9Cvulturasul%E2%80%9D-prezent-la-festivalul-international-%E2%80%9Ccerbul-de-aur-junior%E2%80%9D/comment-page-1/,,347,ERROR:<urlopen error _ssl.c:1091: The handshake operation timed out>
https://ljubljana.mae.ro/local-news/879,Ansamblul „Opincuța” din Chișinău în vizită la Ambasada României | AMBASADA ROMÂNIEI  în Republica Slovenia,348
http://bk.lamaisonprato.it/complexul-rai-braila.html,,349,ERROR:'NoneType' object has no attribute 'text'
https://newsmaker.md/ro/important-mai-sunt-doar-7zile-pana-la-scumpirea-preturilor-la-oasis/,Important: Mai sunt doar 7 zile până la scumpirea prețurilor la OASIS - NewsMaker,350
https://hipnplay.com/en/download/ansamblul-folcloric-busuioc-LS1YaGtOU2N0NE9iaw,"Ansamblul folcloric ,,Busuioc'' MP3 Free Download",351
https://hipnplay.com/en/download/ansamblul-folcloric-legenda-s-mereni-cond-a-mamot-LS1iaFAwdmRWNW5YMA,Ansamblul folcloric Legenda s. Mereni cond .A. Mamot MP3 Free Download,352
https://www.facebook.com/Ansamblul-de-dansuri-populare-Struguras-997911176897662/,"Ansamblul de dansuri populare ""Struguras"" - Почетна страница | Фејсбук",353
https://sr-rs.facebook.com/pages/category/Band/196094221135212/,"Ansamblul de dansuri populare Speranta, s. Glinjeni - Почетна страница | Фејсбук",354
https://www.youtube.com/watch?v=hfTg4TxVL6I,"Ansamblul Folcloric ""Doinita "" - YouTube",355
https://www.youtube.com/watch?v=X4B6ryfn-Mo,"Ansamblul Folcloric ""Doinita"", Balti, Martisor 2016 - YouTube",356
https://www.youtube.com/watch?v=d_O0b0L-CeQ,Ansamblul Folcloric Vantulet din Balti Moldova 1 - YouTube,357
https://www.youtube.com/watch?v=w7lj-6HswV8,Ansamblul Folcloric Vantulet din Balti Moldova_2.mp4 - YouTube,358
https://www.youtube.com/watch?v=KyEg86FnZME,"Ansamblul folcloric ""Doinita"" la 25ani - YouTube",359
http://www.bri.gov.md/index.php?pag=noutati&opa=view&id=241&start=340&l=%3Cbr,Biroul Relaţii Interetnice,360
http://old.mc.gov.md/ro/content/spectacol-folcloric-colective-din-teritoriu,Spectacol folcloric colective din teritoriu | Ministerul Culturii,361
https://infoprut.ro/44941-artisti-din-republica-moldova-si-serbia-participanti-la-festivalul-national-al-traditiilor-populare-din-sibiu.html,"Artiști din Republica Moldova și Serbia, participanți la Festivalul Naţional al Tradiţiilor Populare din Sibiu",362
https://www.timpul.md/tag-41030-Ansamblul+folcloric+de+copii+%E2%80%9EB%C4%83%C8%99tina%C8%99ii%E2%80%9D, Ansamblul folcloric de copii „Băștinașii” ,363
https://www.jurnal.md/ro/news/d30c7bfaabc88a8d/adio-lica-cine-a-fost-cel-de-al-patrulea-angajat-medical-care-a-pierdut-viata-in-lupta-cu-covid-19.html,"„Adio, Lica”; Cine a fost cel de-al patrulea angajat medical care a pierdut viața în lupta cu Covid-19 | Jurnal.md",364
https://observatorul.md/cultura/2019/01/14/54836_la-anul-si-la-multi-ani-va-felicita-ansamblul-folcloric-cu-titlul-model-colinda-de-la-palatul-culturii-soroca,La anul și la mulți ani! Vă felicită Ansamblul folcloric cu titlul model ”Colinda” de la Palatul Culturii Soroca! - Observatorul de Nord,365
https://www.youtube.com/watch?v=1o_F8mMp9Zc,Ansamblul folcloric „Doiniţa” (01.2017) - YouTube,366
https://azchart.info/what/s96ni9DTZa6bfs8-ansamblul-folcloric-doina-baraganului-dans-Ialomiteanul,"Ansamblul folcloric ""Doina Baraganului"" - Dans Ialomiteanul",367
http://polskawiosna.md/files/17_lat_razem.pdf,,368,ERROR:'NoneType' object has no attribute 'text'
https://www.infobraila.ro/2010/07/ansamblul-folcloric-%E2%80%9Cvulturasul%E2%80%9D-prezent-la-festivalul-international-%E2%80%9Ccerbul-de-aur-junior%E2%80%9D/comment-page-1/,,369,ERROR:<urlopen error _ssl.c:1091: The handshake operation timed out>
https://ljubljana.mae.ro/local-news/879,Ansamblul „Opincuța” din Chișinău în vizită la Ambasada României | AMBASADA ROMÂNIEI  în Republica Slovenia,370
http://bk.lamaisonprato.it/complexul-rai-braila.html,,371,ERROR:'NoneType' object has no attribute 'text'
https://newsmaker.md/ro/important-mai-sunt-doar-7zile-pana-la-scumpirea-preturilor-la-oasis/,Important: Mai sunt doar 7 zile până la scumpirea prețurilor la OASIS - NewsMaker,372
https://hipnplay.com/en/download/ansamblul-folcloric-busuioc-LS1YaGtOU2N0NE9iaw,"Ansamblul folcloric ,,Busuioc'' MP3 Free Download",373
https://hipnplay.com/en/download/ansamblul-folcloric-legenda-s-mereni-cond-a-mamot-LS1iaFAwdmRWNW5YMA,Ansamblul folcloric Legenda s. Mereni cond .A. Mamot MP3 Free Download,374
https://www.facebook.com/Ansamblul-de-dansuri-populare-Struguras-997911176897662/,"Ansamblul de dansuri populare ""Struguras"" - Почетна страница | Фејсбук",375
https://sr-rs.facebook.com/pages/category/Band/196094221135212/,"Ansamblul de dansuri populare Speranta, s. Glinjeni - Почетна страница | Фејсбук",376
https://www.youtube.com/watch?v=hfTg4TxVL6I,"Ansamblul Folcloric ""Doinita "" - YouTube",377
https://www.youtube.com/watch?v=X4B6ryfn-Mo,"Ansamblul Folcloric ""Doinita"", Balti, Martisor 2016 - YouTube",378
https://www.youtube.com/watch?v=d_O0b0L-CeQ,Ansamblul Folcloric Vantulet din Balti Moldova 1 - YouTube,379
https://www.youtube.com/watch?v=w7lj-6HswV8,Ansamblul Folcloric Vantulet din Balti Moldova_2.mp4 - YouTube,380
https://www.youtube.com/watch?v=KyEg86FnZME,"Ansamblul folcloric ""Doinita"" la 25ani - YouTube",381
http://www.bri.gov.md/index.php?pag=noutati&opa=view&id=241&start=340&l=%3Cbr,Biroul Relaţii Interetnice,382
http://old.mc.gov.md/ro/content/spectacol-folcloric-colective-din-teritoriu,Spectacol folcloric colective din teritoriu | Ministerul Culturii,383
https://infoprut.ro/44941-artisti-din-republica-moldova-si-serbia-participanti-la-festivalul-national-al-traditiilor-populare-din-sibiu.html,"Artiști din Republica Moldova și Serbia, participanți la Festivalul Naţional al Tradiţiilor Populare din Sibiu",384
https://www.timpul.md/tag-41030-Ansamblul+folcloric+de+copii+%E2%80%9EB%C4%83%C8%99tina%C8%99ii%E2%80%9D, Ansamblul folcloric de copii „Băștinașii” ,385
https://www.jurnal.md/ro/news/d30c7bfaabc88a8d/adio-lica-cine-a-fost-cel-de-al-patrulea-angajat-medical-care-a-pierdut-viata-in-lupta-cu-covid-19.html,"„Adio, Lica”; Cine a fost cel de-al patrulea angajat medical care a pierdut viața în lupta cu Covid-19 | Jurnal.md",386
https://observatorul.md/cultura/2019/01/14/54836_la-anul-si-la-multi-ani-va-felicita-ansamblul-folcloric-cu-titlul-model-colinda-de-la-palatul-culturii-soroca,La anul și la mulți ani! Vă felicită Ansamblul folcloric cu titlul model ”Colinda” de la Palatul Culturii Soroca! - Observatorul de Nord,387
https://www.youtube.com/watch?v=1o_F8mMp9Zc,Ansamblul folcloric „Doiniţa” (01.2017) - YouTube,388
https://azchart.info/what/s96ni9DTZa6bfs8-ansamblul-folcloric-doina-baraganului-dans-Ialomiteanul,"Ansamblul folcloric ""Doina Baraganului"" - Dans Ialomiteanul",389
http://polskawiosna.md/files/17_lat_razem.pdf,,390,ERROR:'NoneType' object has no attribute 'text'
https://www.infobraila.ro/2010/07/ansamblul-folcloric-%E2%80%9Cvulturasul%E2%80%9D-prezent-la-festivalul-international-%E2%80%9Ccerbul-de-aur-junior%E2%80%9D/comment-page-1/,,391,ERROR:<urlopen error _ssl.c:1091: The handshake operation timed out>
https://ljubljana.mae.ro/local-news/879,Ansamblul „Opincuța” din Chișinău în vizită la Ambasada României | AMBASADA ROMÂNIEI  în Republica Slovenia,392
http://bk.lamaisonprato.it/complexul-rai-braila.html,,393,ERROR:'NoneType' object has no attribute 'text'
https://newsmaker.md/ro/important-mai-sunt-doar-7zile-pana-la-scumpirea-preturilor-la-oasis/,Important: Mai sunt doar 7 zile până la scumpirea prețurilor la OASIS - NewsMaker,394
https://hipnplay.com/en/download/ansamblul-folcloric-busuioc-LS1YaGtOU2N0NE9iaw,"Ansamblul folcloric ,,Busuioc'' MP3 Free Download",395
https://hipnplay.com/en/download/ansamblul-folcloric-legenda-s-mereni-cond-a-mamot-LS1iaFAwdmRWNW5YMA,Ansamblul folcloric Legenda s. Mereni cond .A. Mamot MP3 Free Download,396
https://www.facebook.com/Ansamblul-de-dansuri-populare-Struguras-997911176897662/,"Ansamblul de dansuri populare ""Struguras"" - Почетна страница | Фејсбук",397
https://sr-rs.facebook.com/pages/category/Band/196094221135212/,"Ansamblul de dansuri populare Speranta, s. Glinjeni - Почетна страница | Фејсбук",398
https://www.youtube.com/watch?v=hfTg4TxVL6I,"Ansamblul Folcloric ""Doinita "" - YouTube",399
https://www.youtube.com/watch?v=X4B6ryfn-Mo,"Ansamblul Folcloric ""Doinita"", Balti, Martisor 2016 - YouTube",400
https://www.youtube.com/watch?v=d_O0b0L-CeQ,Ansamblul Folcloric Vantulet din Balti Moldova 1 - YouTube,401
https://www.youtube.com/watch?v=w7lj-6HswV8,Ansamblul Folcloric Vantulet din Balti Moldova_2.mp4 - YouTube,402
https://www.youtube.com/watch?v=KyEg86FnZME,"Ansamblul folcloric ""Doinita"" la 25ani - YouTube",403
http://www.bri.gov.md/index.php?pag=noutati&opa=view&id=241&start=340&l=%3Cbr,Biroul Relaţii Interetnice,404
http://old.mc.gov.md/ro/content/spectacol-folcloric-colective-din-teritoriu,Spectacol folcloric colective din teritoriu | Ministerul Culturii,405
https://infoprut.ro/44941-artisti-din-republica-moldova-si-serbia-participanti-la-festivalul-national-al-traditiilor-populare-din-sibiu.html,"Artiști din Republica Moldova și Serbia, participanți la Festivalul Naţional al Tradiţiilor Populare din Sibiu",406
https://www.timpul.md/tag-41030-Ansamblul+folcloric+de+copii+%E2%80%9EB%C4%83%C8%99tina%C8%99ii%E2%80%9D, Ansamblul folcloric de copii „Băștinașii” ,407
https://www.youtube.com/watch?v=1o_F8mMp9Zc,Ansamblul folcloric „Doiniţa” (01.2017) - YouTube,408
https://www.jurnal.md/ro/news/d30c7bfaabc88a8d/adio-lica-cine-a-fost-cel-de-al-patrulea-angajat-medical-care-a-pierdut-viata-in-lupta-cu-covid-19.html,"„Adio, Lica”; Cine a fost cel de-al patrulea angajat medical care a pierdut viața în lupta cu Covid-19 | Jurnal.md",409
https://observatorul.md/cultura/2019/01/14/54836_la-anul-si-la-multi-ani-va-felicita-ansamblul-folcloric-cu-titlul-model-colinda-de-la-palatul-culturii-soroca,La anul și la mulți ani! Vă felicită Ansamblul folcloric cu titlul model ”Colinda” de la Palatul Culturii Soroca! - Observatorul de Nord,410
https://azchart.info/what/s96ni9DTZa6bfs8-ansamblul-folcloric-doina-baraganului-dans-Ialomiteanul,"Ansamblul folcloric ""Doina Baraganului"" - Dans Ialomiteanul",411
https://www.infobraila.ro/2010/07/ansamblul-folcloric-%E2%80%9Cvulturasul%E2%80%9D-prezent-la-festivalul-international-%E2%80%9Ccerbul-de-aur-junior%E2%80%9D/comment-page-1/,,412,ERROR:<urlopen error _ssl.c:1091: The handshake operation timed out>
http://polskawiosna.md/files/17_lat_razem.pdf,,413,ERROR:'NoneType' object has no attribute 'text'
https://ljubljana.mae.ro/local-news/879,Ansamblul „Opincuța” din Chișinău în vizită la Ambasada României | AMBASADA ROMÂNIEI  în Republica Slovenia,414
http://bk.lamaisonprato.it/complexul-rai-braila.html,,415,ERROR:'NoneType' object has no attribute 'text'
https://newsmaker.md/ro/important-mai-sunt-doar-7zile-pana-la-scumpirea-preturilor-la-oasis/,Important: Mai sunt doar 7 zile până la scumpirea prețurilor la OASIS - NewsMaker,416
https://hipnplay.com/en/download/ansamblul-folcloric-busuioc-LS1YaGtOU2N0NE9iaw,"Ansamblul folcloric ,,Busuioc'' MP3 Free Download",417
https://hipnplay.com/en/download/ansamblul-folcloric-legenda-s-mereni-cond-a-mamot-LS1iaFAwdmRWNW5YMA,Ansamblul folcloric Legenda s. Mereni cond .A. Mamot MP3 Free Download,418
https://www.facebook.com/Ansamblul-de-dansuri-populare-Struguras-997911176897662/,"Ansamblul de dansuri populare ""Struguras"" - Почетна страница | Фејсбук",419
https://sr-rs.facebook.com/pages/category/Band/196094221135212/,"Ansamblul de dansuri populare Speranta, s. Glinjeni - Почетна страница | Фејсбук",420
https://www.youtube.com/watch?v=hfTg4TxVL6I,"Ansamblul Folcloric ""Doinita "" - YouTube",421
https://www.youtube.com/watch?v=X4B6ryfn-Mo,"Ansamblul Folcloric ""Doinita"", Balti, Martisor 2016 - YouTube",422
https://www.youtube.com/watch?v=d_O0b0L-CeQ,Ansamblul Folcloric Vantulet din Balti Moldova 1 - YouTube,423
https://www.youtube.com/watch?v=w7lj-6HswV8,YouTube,424
http://www.bri.gov.md/index.php?pag=noutati&opa=view&id=241&start=340&l=%3Cbr,Biroul Relaţii Interetnice,425
http://www.bri.gov.md/index.php?pag=noutati&opa=view&id=594&start=20&l=,Biroul Relaţii Interetnice,426
http://old.mc.gov.md/ro/content/spectacol-folcloric-colective-din-teritoriu,Spectacol folcloric colective din teritoriu | Ministerul Culturii,427
https://infoprut.ro/44941-artisti-din-republica-moldova-si-serbia-participanti-la-festivalul-national-al-traditiilor-populare-din-sibiu.html,"Artiști din Republica Moldova și Serbia, participanți la Festivalul Naţional al Tradiţiilor Populare din Sibiu",428
https://www.timpul.md/tag-41030-Ansamblul+folcloric+de+copii+%E2%80%9EB%C4%83%C8%99tina%C8%99ii%E2%80%9D, Ansamblul folcloric de copii „Băștinașii” ,429
https://www.youtube.com/watch?v=KyEg86FnZME,"Ansamblul folcloric ""Doinita"" la 25ani - YouTube",430
https://www.youtube.com/watch?v=1o_F8mMp9Zc,Ansamblul folcloric „Doiniţa” (01.2017) - YouTube,431
https://www.jurnal.md/ro/news/d30c7bfaabc88a8d/adio-lica-cine-a-fost-cel-de-al-patrulea-angajat-medical-care-a-pierdut-viata-in-lupta-cu-covid-19.html,"„Adio, Lica”; Cine a fost cel de-al patrulea angajat medical care a pierdut viața în lupta cu Covid-19 | Jurnal.md",432
https://observatorul.md/cultura/2019/01/14/54836_la-anul-si-la-multi-ani-va-felicita-ansamblul-folcloric-cu-titlul-model-colinda-de-la-palatul-culturii-soroca,,433,ERROR:<urlopen error [Errno -2] Name or service not known>
https://azchart.info/what/s96ni9DTZa6bfs8-ansamblul-folcloric-doina-baraganului-dans-Ialomiteanul,,434,ERROR:<urlopen error [Errno -2] Name or service not known>
https://www.infobraila.ro/2010/07/ansamblul-folcloric-%E2%80%9Cvulturasul%E2%80%9D-prezent-la-festivalul-international-%E2%80%9Ccerbul-de-aur-junior%E2%80%9D/comment-page-1/,,435,ERROR:<urlopen error [Errno -2] Name or service not known>
http://polskawiosna.md/files/17_lat_razem.pdf,,436,ERROR:<urlopen error [Errno -2] Name or service not known>
https://ljubljana.mae.ro/local-news/879,,437,ERROR:<urlopen error [Errno -2] Name or service not known>
